{
	"key": "logitech_c920_3",
	"name": "Logitech C920 HD Pro",
	"make": "Logitech",
	"model": "C920",
	"template": "octolapse-mjpg-streamer-logitech-c920",
	"controls": [
		{
			"name": "Brightness",
			"id": "9963776",
			"type": "1",
			"min": "0",
			"max": "255",
			"step": "1",
			"default": "128",
			"value": "128",
			"dest": "0",
			"flags": "0",
			"group": "1"
		},
		{
			"name": "Contrast",
			"id": "9963777",
			"type": "1",
			"min": "0",
			"max": "255",
			"step": "1",
			"default": "128",
			"value": "128",
			"dest": "0",
			"flags": "0",
			"group": "1"
		},
		{
			"name": "Saturation",
			"id": "9963778",
			"type": "1",
			"min": "0",
			"max": "255",
			"step": "1",
			"default": "128",
			"value": "128",
			"dest": "0",
			"flags": "0",
			"group": "1"
		},
		{
			"name": "White Balance Temperature, Auto",
			"id": "9963788",
			"type": "2",
			"min": "0",
			"max": "1",
			"step": "1",
			"default": "1",
			"value": "1",
			"dest": "0",
			"flags": "0",
			"group": "1"
		},
		{
			"name": "Gain",
			"id": "9963795",
			"type": "1",
			"min": "0",
			"max": "255",
			"step": "1",
			"default": "0",
			"value": "0",
			"dest": "0",
			"flags": "0",
			"group": "1"
		},
		{
			"name": "Power Line Frequency",
			"id": "9963800",
			"type": "3",
			"min": "0",
			"max": "2",
			"step": "1",
			"default": "2",
			"value": "2",
			"dest": "0",
			"flags": "0",
			"group": "1",
			"menu": {
				"0": "Disabled",
				"1": "50 Hz",
				"2": "60 Hz"
			}
		},
		{
			"name": "White Balance Temperature",
			"id": "9963802",
			"type": "1",
			"min": "2000",
			"max": "6500",
			"step": "1",
			"default": "4000",
			"value": "4000",
			"dest": "0",
			"flags": "16",
			"group": "1"
		},
		{
			"name": "Sharpness",
			"id": "9963803",
			"type": "1",
			"min": "0",
			"max": "255",
			"step": "1",
			"default": "128",
			"value": "128",
			"dest": "0",
			"flags": "0",
			"group": "1"
		},
		{
			"name": "Backlight Compensation",
			"id": "9963804",
			"type": "1",
			"min": "0",
			"max": "1",
			"step": "1",
			"default": "0",
			"value": "0",
			"dest": "0",
			"flags": "0",
			"group": "1"
		},
		{
			"name": "Exposure, Auto",
			"id": "10094849",
			"type": "3",
			"min": "0",
			"max": "3",
			"step": "1",
			"default": "3",
			"value": "3",
			"dest": "0",
			"flags": "0",
			"group": "1",
			"menu": {
				"0": "",
				"1": "Manual Mode",
				"2": "",
				"3": "Aperture Priority Mode"
			}
		},
		{
			"name": "Exposure (Absolute)",
			"id": "10094850",
			"type": "1",
			"min": "3",
			"max": "2047",
			"step": "1",
			"default": "250",
			"value": "250",
			"dest": "0",
			"flags": "16",
			"group": "1"
		},
		{
			"name": "Exposure, Auto Priority",
			"id": "10094851",
			"type": "2",
			"min": "0",
			"max": "1",
			"step": "1",
			"default": "0",
			"value": "1",
			"dest": "0",
			"flags": "0",
			"group": "1"
		},
		{
			"name": "Pan (Absolute)",
			"id": "10094856",
			"type": "1",
			"min": "-36000",
			"max": "36000",
			"step": "3600",
			"default": "0",
			"value": "0",
			"dest": "0",
			"flags": "0",
			"group": "1"
		},
		{
			"name": "Tilt (Absolute)",
			"id": "10094857",
			"type": "1",
			"min": "-36000",
			"max": "36000",
			"step": "3600",
			"default": "0",
			"value": "0",
			"dest": "0",
			"flags": "0",
			"group": "1"
		},
		{
			"name": "Focus (absolute)",
			"id": "10094858",
			"type": "1",
			"min": "0",
			"max": "250",
			"step": "5",
			"default": "0",
			"value": "0",
			"dest": "0",
			"flags": "16",
			"group": "1"
		},
		{
			"name": "Focus, Auto",
			"id": "10094860",
			"type": "2",
			"min": "0",
			"max": "1",
			"step": "1",
			"default": "1",
			"value": "1",
			"dest": "0",
			"flags": "0",
			"group": "1"
		},
		{
			"name": "Zoom, Absolute",
			"id": "10094861",
			"type": "1",
			"min": "100",
			"max": "500",
			"step": "1",
			"default": "100",
			"value": "100",
			"dest": "0",
			"flags": "0",
			"group": "1"
		},
		{
			"name": "JPEG quality",
			"id": "1",
			"type": "1",
			"min": "0",
			"max": "100",
			"step": "1",
			"default": "50",
			"value": "0",
			"dest": "0",
			"flags": "0",
			"group": "3"
		}
	],
	"formats": [
		{
			"id": "0",
			"name": "YUYV 4:2:2",
			"compressed": "false",
			"emulated": "false",
			"current": "true",
			"resolutions": {
				"0": "640x480",
				"1": "160x90",
				"2": "160x120",
				"3": "176x144",
				"4": "320x180",
				"5": "320x240",
				"6": "352x288",
				"7": "432x240",
				"8": "640x360",
				"9": "800x448",
				"10": "800x600",
				"11": "864x480",
				"12": "960x720",
				"13": "1024x576",
				"14": "1280x720",
				"15": "1600x896",
				"16": "1920x1080",
				"17": "2304x1296",
				"18": "2304x1536"
			},
			"currentResolution": "255"
		},
		{
			"id": "1",
			"name": "H.264",
			"compressed": "true",
			"emulated": "false",
			"current": "true",
			"resolutions": {
				"0": "640x480",
				"1": "160x90",
				"2": "160x120",
				"3": "176x144",
				"4": "320x180",
				"5": "320x240",
				"6": "352x288",
				"7": "432x240",
				"8": "640x360",
				"9": "800x448",
				"10": "800x600",
				"11": "864x480",
				"12": "960x720",
				"13": "1024x576",
				"14": "1280x720",
				"15": "1600x896",
				"16": "1920x1080"
			},
			"currentResolution": "255"
		},
		{
			"id": "2",
			"name": "Motion-JPEG",
			"compressed": "true",
			"emulated": "false",
			"current": "true",
			"resolutions": {
				"0": "640x480",
				"1": "160x90",
				"2": "160x120",
				"3": "176x144",
				"4": "320x180",
				"5": "320x240",
				"6": "352x288",
				"7": "432x240",
				"8": "640x360",
				"9": "800x448",
				"10": "800x600",
				"11": "864x480",
				"12": "960x720",
				"13": "1024x576",
				"14": "1280x720",
				"15": "1600x896",
				"16": "1920x1080"
			},
			"currentResolution": "16"
		},
		{
			"id": "3",
			"name": "RGB3",
			"compressed": "false",
			"emulated": "true",
			"current": "true",
			"resolutions": {
				"0": "640x480",
				"1": "160x90",
				"2": "160x120",
				"3": "176x144",
				"4": "320x180",
				"5": "320x240",
				"6": "352x288",
				"7": "432x240",
				"8": "640x360",
				"9": "800x448",
				"10": "800x600",
				"11": "864x480",
				"12": "960x720",
				"13": "1024x576",
				"14": "1280x720",
				"15": "1600x896",
				"16": "1920x1080",
				"17": "2304x1296",
				"18": "2304x1536"
			},
			"currentResolution": "255"
		},
		{
			"id": "4",
			"name": "BGR3",
			"compressed": "false",
			"emulated": "true",
			"current": "true",
			"resolutions": {
				"0": "640x480",
				"1": "160x90",
				"2": "160x120",
				"3": "176x144",
				"4": "320x180",
				"5": "320x240",
				"6": "352x288",
				"7": "432x240",
				"8": "640x360",
				"9": "800x448",
				"10": "800x600",
				"11": "864x480",
				"12": "960x720",
				"13": "1024x576",
				"14": "1280x720",
				"15": "1600x896",
				"16": "1920x1080",
				"17": "2304x1296",
				"18": "2304x1536"
			},
			"currentResolution": "255"
		},
		{
			"id": "5",
			"name": "YU12",
			"compressed": "false",
			"emulated": "true",
			"current": "true",
			"resolutions": {
				"0": "640x480",
				"1": "160x90",
				"2": "160x120",
				"3": "176x144",
				"4": "320x180",
				"5": "320x240",
				"6": "352x288",
				"7": "432x240",
				"8": "640x360",
				"9": "800x448",
				"10": "800x600",
				"11": "864x480",
				"12": "960x720",
				"13": "1024x576",
				"14": "1280x720",
				"15": "1600x896",
				"16": "1920x1080",
				"17": "2304x1296",
				"18": "2304x1536"
			},
			"currentResolution": "255"
		},
		{
			"id": "6",
			"name": "YV12",
			"compressed": "false",
			"emulated": "true",
			"current": "true",
			"resolutions": {
				"0": "640x480",
				"1": "160x90",
				"2": "160x120",
				"3": "176x144",
				"4": "320x180",
				"5": "320x240",
				"6": "352x288",
				"7": "432x240",
				"8": "640x360",
				"9": "800x448",
				"10": "800x600",
				"11": "864x480",
				"12": "960x720",
				"13": "1024x576",
				"14": "1280x720",
				"15": "1600x896",
				"16": "1920x1080",
				"17": "2304x1296",
				"18": "2304x1536"
			},
			"currentResolution": "255"
		}

	]
}
